blocker_id,gate,decision_question,required_evidence,owner,approver,current_state,workflow_view,blocks,decision_date,evidence_source,next_action
GAP-001,authority,Which legal entity and signatory can act?,Entity certificate; registry evidence; tax/payee identity; signatory authority,Avi and counsel,Authorized signatory,blocked,prepare-now,External representation and contracting,before-activation,06_Research/Research Gaps and Interview Guide.md,Admit entity and authority pack
GAP-002,authority,What are Michael's accepted role and rights?,Signed engagement; hours; compensation; budget; IP; confidentiality; systems; data; termination,Avi and Michael and counsel,Avi,blocked,prepare-now,External work and systems access,before-activation,03_GTM/Michael Role Charter.md,Negotiate and sign engagement
GAP-003,ownership,Who owns each material decision?,Founder/team roster; accountable-owner matrix; backup,Avi,Avi,blocked,prepare-now,Approvals and escalation,before-activation,06_Research/Company and Founder Dossier.md,Name owners and backups
GAP-004,product-truth,What exists today?,Permitted demonstration; check catalog; current service/MVP/pilot/roadmap truth table,Avi and product/data,Avi,blocked,prepare-now,Capability and offer claims,before-activation,01_Company/Product and Business Model.md,Run product truth workshop
GAP-005,proof,What customer and outcome evidence exists?,Permission-controlled de-identified case ledger with method and outcomes,Avi and product/data,Avi and legal/privacy,blocked,gated-execution,Customer proof and outcome claims,before-public-proof,06_Research/Company and Founder Dossier.md,Admit proof pack or retain unknown
GAP-006,commercial,How do fee and recovered value work?,Approved MSA/SOW; fee waterfall; cash/credit/waiver/cancel rules; partner economics,Avi and legal/commercial,Avi,blocked,prepare-now,Pricing and commercial messages,before-activation,01_Company/Product and Business Model.md,Approve commercial truth table
GAP-007,domain,Who reviews case and regulatory meaning?,Named domain/legal reviewer; route map; review SLA,Avi and domain/legal,Avi,blocked,prepare-now,Regulatory messages and case advance,before-activation,06_Research/Industry Regulatory and Competitive Dossier.md,Appoint reviewer and approve route boundary
GAP-008,claims,Which exact sentences may be used?,Sentence; claim ID; source/method; reviewer; channel; approval; expiry,Avi and domain/legal,Avi,blocked,prepare-now,Send and publish,before-activation,01_Company/Claims and Evidence Register.md,Review remove-substantiate-approve queue
GAP-009,security,Can customer data be handled safely?,DPA/privacy/security pack; systems; vendors; regions; access; retention; deletion; incident process,Product/security and legal/privacy,Named risk owners,blocked,prepare-now,Customer-data intake,before-activation,04_Operations/Customer Data Intake and Security.md,Approve secure-intake design or no-go
GAP-010,crm-permission,Can accounts and contacts be admitted?,CRM selection; source/permission/DNC rules; admin; budget; duplicate controls,Michael and legal/privacy,Avi,blocked,prepare-now,Outreach and D2 processing,before-activation,04_Operations/CRM Data Model.md,Approve CRM and admission rules
GAP-011,capacity,Can delivery and review meet the promise?,Observed throughput; backlog; active/wait time; quality; exception rate; named SLA owner,Product/data and domain/legal,Avi,blocked,prepare-now,New activation and data requests,before-activation,06_Research/Time Savings Model.md,Measure capacity and set stop rule
GAP-012,website-trust,Is public intake truthful and privacy-safe?,Accessible privacy notice; product-truth copy; approved claims; contact/entity consistency,Website and legal/privacy and Avi,Avi,blocked,prepare-now,Publishing and inbound intake,before-publication,03_GTM/Website and Content Audit.md,Repair and independently review public surface
