measurement_id,name,numerator,denominator,event_time,owner,source,min_sample,decision_enabled,active_wait_rule,current_state,canonical_source
MT-001,Workflow active and wait time,Observed active minutes and wait duration,Representative workflow units,Trigger active-start active-stop approval completion,Workflow owner,Instrumented event log,5 per high-impact workflow,Replace planning time assumptions,Active labor and elapsed wait reported separately,designed,06_Research/Research Gaps and Interview Guide.md
MT-002,Approval latency,Decision timestamp minus request timestamp,Approval requests by owner and reason,Request and decision,Michael,Decision register,10 decisions or four weeks,Set approval SLA and delegation,Wait is service latency not labor savings,designed,06_Research/Research Gaps and Interview Guide.md
MT-003,CRM completeness,Active records with required fields,All active records in cohort,Snapshot date,Michael,Versioned CRM export,First 10 permitted records,Continue change or stop CRM rules,Review minutes separate from record age,blocked-tool,04_Operations/Operating Cadence and KPI Dictionary.md
MT-004,List admissibility,Admitted accounts,All accounts received in cohort,Admission decision,Michael and legal/privacy,CRM source and permission fields,Entire first cohort,Outreach go or no-go,Research time separate from approval wait,blocked-activation,06_Research/Research Gaps and Interview Guide.md
MT-005,Funnel transition rate and time,Records reaching defined next stage,Records entering prior stage,Stage entry and exit,Michael,Versioned CRM export,First complete cohort,Locate stage bottleneck,Conversion and elapsed wait always include sample,blocked-activation,04_Operations/Operating Cadence and KPI Dictionary.md
MT-006,Submission friction,Complete human-accepted metadata packages,Accepted data requests,Request receipt missing-loop and validation timestamps,Product/data,Approved case metadata system,5 to 10 permitted packages,Improve checklist and SLA,Active review missing loops and queue wait separate,blocked-security,06_Research/Research Gaps and Interview Guide.md
MT-007,Product throughput and quality,Completed reviewed units,Eligible accepted units,Queue start active review completion,Product/data,Approved product logs,5 to 10 per archetype,Set capacity and activation limit,Active work wait exception and correction separate,blocked-product,06_Research/Research Gaps and Interview Guide.md
MT-008,Claim review quality,Correctly sourced approved or blocked drafts,All reviewed drafts,Draft request and review decision,Domain/legal and Michael,Claims audit log,First 10 drafts,Continue change or stop claims copilot,Review time and approval latency separate,synthetic-design,01_Company/Claims and Evidence Register.md
MT-009,Draft burden,Accepted drafts with minor edits,All reviewed drafts,Baseline draft and decision,Workflow owner,Versioned draft audit,5 to 10 permitted records,Assess assistance value,Editing active time and review wait separate,blocked-policy,06_Research/Time Savings Model.md
MT-010,Alert precision and recall,True alerts and detected seeded events,All alerts and all seeded events,Rule execution,CRM or product owner,Synthetic rule log,10 records plus seeded tests,Roll out change or disable rule,Rule time and human review time separate,synthetic-ready,06_Research/AI Opportunity Register.md
MT-011,Partner quality,Accepted qualified referrals,All partner referrals in cohort,Referral acceptance qualification submission outcome,Michael,CRM partner cohort,First comparable cohort,Continue change or stop partner channel,Acknowledgement and downstream wait separate,blocked-activation,03_GTM/Partner Strategy.md
MT-012,Recovery reconciliation,Realized approved outcome amount,Requested or approved outcome amount,Request decision realization and expiry,Finance and product,Approved finance/case system,5 permitted closed cases,Define proof revenue and fee mechanics,Cash-cycle wait not labor savings,blocked-proof,06_Research/Research Gaps and Interview Guide.md
MT-013,Privacy and security incidents,Confirmed incidents,Permitted workflows and access events,Detection containment correction restart,Security/privacy,Approved incident log,Continuous target zero,Stop investigate and authorize restart,Incident elapsed time and labor separate,blocked-owner,04_Operations/Customer Data Intake and Security.md
MT-014,Capacity allocation,Actual hours by approved work,Planned owner hours,Weekly plan and actual,Michael and Avi,Capacity ledger,Four weeks,Stop defer hire or invest,Dependency wait cannot become saved hours,designed,06_Research/Time Savings Model.md
