source_id,title,authority,author_publisher,url_path,checked_date,publication_effective_date,jurisdiction,claim_supported,evidence_status,confidence,conflicts,intended_use,review_expiry,notes
SRC-001,"16-Week Engagement Plan","internal","Avi / engagement proposal","10_Sources/Source - 16 Week Engagement Plan.md","2026-07-15","unknown","internal","Proposed 16-week scope, outputs, sequencing, and omissions","internal-proposal","high","Proposal starts work before written engagement; vault safe-start gate supersedes","Role and responsibility source","","Not evidence that the engagement is signed or activated"
SRC-002,"46 CFR Part 541","primary-government","Electronic Code of Federal Regulations","https://www.ecfr.gov/current/title-46/chapter-IV/subchapter-B/part-541","2026-07-15","Current through 2026-07-13; core rule effective 2024-05-28","United States","Current invoice-content, issuance, dispute-window, and resolution-attempt rules; section 541.4 reserved","verified","high","Original 2024 summaries still describe the later-vacated section 541.4","Regulatory operating boundary","2026-08-14","Apply the version in force for the invoice date; case conclusions require reviewer"
SRC-003,"46 U.S.C. section 41301","primary-government","U.S. Government Publishing Office / GovInfo","https://www.govinfo.gov/link/uscode/46/41301?link-type=html&year=mostrecent","2026-07-15","2024 U.S. Code edition; current preliminary edition checked 2026-07-15","United States","Complaint may seek reparations when filed within three years after accrual","verified","high","Conflicts with company wording implying blanket 36-month refund entitlement","Limitations and route boundary","2026-08-14","GovInfo is the official published edition fallback; current preliminary-edition admission was separately checked; accrual, violation, injury, evidence, route, and remedy remain case-specific"
SRC-004,"Avi Manaim LinkedIn Snapshot","company","Avi Manaim / LinkedIn","10_Sources/Source - Avi Manaim LinkedIn Snapshot.md","2026-07-15","Observed 2026-07-15","Public professional profile","Public presentation as Co-Founder and CEO; positioning and numerical claims","company-claim","medium","No independent entity, identity, customer, or outcome proof","Founder presentation and diligence gaps","2026-08-15","User-supplied capture; no private-person research"
SRC-005,"Competitor Websites","vendor","Named vendor websites","10_Sources/Source - Competitor Websites - 2026-07-15.md","2026-07-15","Observed 2026-07-15","Public web / United States market","Public category, offer, technology, proof, and pricing signals","company-claim","medium","Some vendor pages may use outdated regulatory wording; performance unverified","Competitive positioning matrix","2026-08-15","Vendor claims establish marketing only"
SRC-006,"Evergreen 2026 detention decision update","primary-government","Federal Maritime Commission","https://www.fmc.gov/articles/u-s-court-of-appeals-upholds-fmc-decision-that-detention-fees-must-promote-freight-fluidity/","2026-07-15","2026-07-08","United States / D.C. Circuit","Court upheld fact-specific FMC freight-fluidity reasoning for a three-day closure","verified","high","No conflict; risk is overgeneralizing a fact-specific holding","Current case context","2026-08-14","Not a blanket closure or weekend rule"
SRC-007,"FMC 2025 Part 541 court update","primary-government","Federal Maritime Commission","https://www.fmc.gov/articles/u-s-court-of-appeals-issues-decision-in-case-on-demurrage-and-detention-billing-practices/","2026-07-15","2025-09-23","United States / D.C. Circuit","Section 541.4 was set aside; remainder of Part 541 stayed effective","verified","high","Conflicts with obsolete summaries that repeat the original billing-party restriction","Current Part 541 status","2026-08-14","Current eCFR corroborates reserved status"
SRC-008,"FMC Charge Complaint Guidance","primary-government","Federal Maritime Commission","https://www.fmc.gov/ocean-shipping-reform-act-of-2022-implementation/guidance-on-charge-complaint-interim-procedure/","2026-07-15","Interim procedure; exact publication date not recorded","United States","Charge Complaint scope, evidence, burden, voluntary relief, and non-representation boundary","verified","high","Interim process may change","Complaint-route design","2026-08-14","Do not hard-code submission mechanics"
SRC-009,"FMC detention and demurrage data","primary-government","Federal Maritime Commission","https://www.fmc.gov/detention-and-demurrage/","2026-07-15","Coverage 2020-04-01 through 2025-03-31","United States / nine major carriers","About 15.4 billion dollars in collected D&D in the stated population and period","verified","high","Does not establish unlawful, disputable, or recoverable share","Market materiality with limitations","2026-08-14","Population, period, and interpretation boundary required"
SRC-010,"FMC FY2025 Charge Complaints","primary-government","Federal Maritime Commission","https://www.fmc.gov/wp-content/uploads/2025/12/FY-2025-PAR.pdf","2026-07-15","FY2025 report","United States","About 6.1 million dollars waived or refunded since OSRA, including 2.89 million dollars in FY2025","verified","high","Not all direct disputes and not a recovery-rate or TAM estimate","Visible complaint relief context","2026-08-14","Use exact population and limitations"
SRC-011,"FMC Part 541 final-rule summary","primary-government","Federal Maritime Commission","https://www.fmc.gov/articles/fmc-publishes-final-rule-on-detention-and-demurrage-billing-practices/","2026-07-15","Published 2024-02; most provisions effective 2024-05-28","United States","Original Part 541 structure, content, timing, and dispute process","verified","high","Original section 541.4 description was superseded by 2025 court action","Historical rule context","2026-08-14","Use current eCFR for current wording"
SRC-012,"FTC Advertising Substantiation Policy","primary-government","Federal Trade Commission","https://www.ftc.gov/legal-library/browse/ftc-policy-statement-regarding-advertising-substantiation","2026-07-15","Publication date not recorded in vault","United States","Objective advertising claims require a reasonable evidentiary basis before dissemination","verified","high","Exact support depends on claim and channel","Marketing claim governance","2026-08-14","Legal review remains required"
SRC-013,"SheperD Diagnostic Typeform","company","SheperD / Typeform","https://form.typeform.com/to/F0QnbN9H","2026-07-15","Observed 2026-07-15","Public web","Current form configuration uses annual container volume times 75 dollars; port and spend inputs do not affect result; response says 48-72 hours","mixed","high","Website says 24 hours; formula validity and backend processing remain unverified","Internal product, privacy, and claims audit","2026-08-15","Configuration behavior verified; recovery meaning not verified or publication-safe"
SRC-014,"SheperD LinkedIn","company","Avi Manaim / LinkedIn","10_Sources/Source - SheperD LinkedIn - 2026-07-15.md","2026-07-15","Observed 2026-07-15","Public professional profile","Company/founder positioning and numerical/legal claims displayed publicly","company-claim","medium","Does not prove entity, capability, results, or legal interpretation","Public-claims inventory","2026-08-15","Direct profile URL returned LinkedIn automated-access status 999 at final QA; dated atomic capture retained; professional public data only"
SRC-015,"SheperD technical hiring signals","company","SheperD / LinkedIn Jobs","https://il.linkedin.com/jobs/view/full-stack-engineer-at-sheperd-io-4412222070","2026-07-15","Listing date and current recruitment status unverified","Public web / Israel listing","Company-authored 0-to-1 platform, architecture, security, and MVP hiring language","internal-observation","medium","Tension with website present-tense engine and portal claims","Product-state conflict","2026-08-15","May refer to different layers or dates; demonstration needed"
SRC-016,"SheperD Website","company","SheperD","https://www.sheperd.io/","2026-07-15","Observed 2026-07-15","Public web","Offer, success-fee, engine, portal, timing, and numerical/legal marketing claims","company-claim","high","Product maturity, SLA, diagnostic logic, and evidence support remain unresolved","Company positioning and claims register","2026-08-15","Proves what the company says, not that the claims are true"
SRC-017,"Avi Manaim Professional History","mixed-public-professional","GUTS/Harel; Startup for Startup; Demandoo; TechRound; Apple Podcasts","10_Sources/Source - Avi Manaim Professional History - 2026-07-15.md","2026-07-15","Mixed historical dates; 2021-2026","Public professional","Finance/insurance innovation, partnership, account-management, and startup-leadership history; no independent pre-SheperD D&D track record found","mixed","medium","Role dates and currentness vary; does not prove D&D expertise","Founder diligence","2027-07-15","No private-person profiling"
SRC-018,"SheperD Entity Search Attempts","primary-government-attempts","New York DOS; Delaware Division of Corporations; Israeli Corporations Authority","10_Sources/Source - SheperD Entity Search Attempts - 2026-07-15.md","2026-07-15","Current searches","New York; Delaware; Israel","Three authoritative search attempts were technically inconclusive; entity state remains unknown","unverified","high","No negative registry conclusion is warranted","Entity diligence blocker","2026-08-15","Requires entity and signatory pack from Avi/counsel"
SRC-019,"World Shipping Council v FMC Part 541 opinion","primary-court","U.S. Court of Appeals for the D.C. Circuit","https://media.cadc.uscourts.gov/opinions/docs/2025/09/24-1088-2136451.pdf","2026-07-15","2025-09-23","United States / D.C. Circuit","Court set aside only section 541.4 and severed it from the remainder of Part 541","verified","high","Original final-rule summaries still show the superseded restriction","Current-law correction","2026-08-14","Case-specific liability still requires reviewer"
SRC-020,"Part 541 section 541.4 ministerial removal","primary-government","Federal Maritime Commission / Federal Register","https://public-inspection.federalregister.gov/2025-23920.pdf","2026-07-15","Effective 2025-12-29","United States","FMC removed vacated section 541.4; current eCFR reserves it","verified","high","No conflict after court opinion; stale vendor content persists","Current-law status","2026-08-14","Corroborates eCFR reserved status"
SRC-021,"46 USC 41310 and FMC Complaint Routes","primary-government","U.S. House OLRC and Federal Maritime Commission","10_Sources/Source - 46 USC 41310 and FMC Complaint Routes - 2026-07-15.md","2026-07-15","Current-through-check; interim guidance","United States","Charge Complaint inputs, burden, route boundaries, exclusions, and non-representation limitation","verified","high","Permanent procedure not located; current mechanics may change","Complaint-route design","2026-08-14","Separate Charge Complaint from formal, small-claim, and CADRS routes"
SRC-022,"FMC FY2025 Annual Report","primary-government","Federal Maritime Commission","https://www.fmc.gov/wp-content/uploads/2026/04/FY-2025-Annual-Report.pdf","2026-07-15","FY2025","United States","296 complaints received; 164 accepted; 2,893,937.98 dollars FY2025 relief; over 6.1 million dollars cumulative","verified","high","Excludes direct disputes and is not a recovery-rate denominator","Complaint-volume and relief context","2026-08-14","Population and exclusions required"
SRC-023,"SheperD Company LinkedIn","company","SheperD / LinkedIn","10_Sources/Source - SheperD LinkedIn - 2026-07-15.md","2026-07-15","Observed 2026-07-15","Public professional platform","Founded 2026, private, New York HQ, 2-10 employees, one public employee, Typeform route, broad positioning","company-claim","medium","Not entity, team, funding, customer, or capability proof","Company public-positioning diligence","2026-08-15","Company profile URL returned automated-access status 429 during final QA; dated atomic capture retained"
SRC-024,"GUTS Harel Team","organization","GUTS/Harel","https://www.gutsinnovation.com/about","2026-07-15","Undated page; copyright 2024","Israel","Lists Avi as International Partnerships Director","verified","medium","Does not establish D&D expertise or current employment dates","Founder professional context","2027-07-15","Public professional data only"
SRC-025,"Startup for Startup GUTS Harel profile","secondary-professional","Startup for Startup","https://www.startupforstartup.com/design_partner/guts-harel-innovation/","2026-07-15","Joined 2024-06-10","Israel","Corroborates a public professional representation that Avi was Director of International Partnerships","mixed","medium","Secondary ecosystem source; role representation not independently employer-certified","Founder professional context","2027-07-15","Historical context only"
SRC-026,"Demandoo Team","former-company","Demandoo","https://demandoo.com/our-team/","2026-07-15","Undated; copyright 2025","Israel","Lists Avi as CEO and former Phoenix Chief Innovation Officer","company-claim","medium","Potentially stale former-company page","Founder professional history","2027-07-15","Use with corroboration"
SRC-027,"TechRound Avi Manaim interview","secondary-media","TechRound","https://techround.co.uk/interviews/interview-with-avi-manaim-ceo-at-on-demand-insurance-platform-demandoo/","2026-07-15","2021-02-26","United Kingdom / public web","Records Avi's interview representation as Demandoo CEO and his description of insurance-platform leadership","mixed","medium","Interview statements are self-reported and do not certify performance","Founder historical context","2027-07-15","Not SheperD capability proof"
SRC-028,"Apple Podcasts Demandoo episode","secondary-media","Apple iTunes Lookup API / podcast publisher","https://itunes.apple.com/lookup?id=1388206004&entity=podcastEpisode&limit=200","2026-07-15","2021-04-20","Public web","Exact episode metadata records a publisher description containing the Phoenix, Leverate, Playtech, eWave, and education narrative","mixed","medium","Publisher/interview metadata is not credential certification","Founder historical context","2027-07-15","Exact track ID 1000517897345 in first-party API response; public professional data only"
SRC-029,"F4 SheperD profile","aggregator","F4 Fund","https://f4.fund/startups/form-typeform","2026-07-15","Undated","Public web","Labels SheperD seed, founded 2026, Avi CEO","unverified","low","No disclosed methodology or funding evidence","Discovery only","2026-08-15","Excluded from funding proof"
SRC-030,"BlueCargo Audit","vendor","BlueCargo","https://www.bluecargo.io/products/audit","2026-07-15","Observed 2026-07-15","Public web / United States market","Freight audit, prevention, disputes, public free tier and Pro pricing signal","company-claim","medium","Outcomes and product maturity not independently verified","Competitor matrix","2026-08-14","Vendor marketing only"
SRC-031,"Unwaived","vendor","Unwaived","https://www.unwaived.com/","2026-07-15","Observed 2026-07-15","Public web / United States market","Recovery-as-a-service and conflicting 20 versus 25-35 percent success-fee signals","company-claim","medium","Pricing conflict and zero-result pilot snapshot","Competitor matrix","2026-08-14","Vendor marketing only"
SRC-032,"HarborClaim","vendor","HarborClaim","https://harborclaim.com/","2026-07-15","Observed 2026-07-15","Public web / United States market","Invoice review, dispute packets, follow-up, free review, typical 30 percent fee signal","company-claim","medium","No named outcomes observed","Competitor matrix","2026-08-14","Vendor marketing only"
SRC-033,"AuditDray","vendor","AuditDray","https://auditdray.com/","2026-07-15","Observed 2026-07-15","Public web / United States market","AI audit, dispute generation, introductory pricing signal","company-claim","low","Performance figures unsupported and page metrics inconsistent","Competitor matrix","2026-08-14","Vendor marketing only"
SRC-034,"MiraLedger","vendor","MiraLedger","https://www.miraledger.io/","2026-07-15","Observed 2026-07-15","Public web / United States market","Tariff audit, dispute packs, recovery/prevention queue, pilot and volume-plan signals","company-claim","medium","Unnamed pilots and legal/outcome language unverified","Competitor matrix","2026-08-14","Vendor marketing only"
SRC-035,"Intelligent Audit D&D case study","vendor","Intelligent Audit","https://www.intelligentaudit.com/case-studies/reducing-demurrage-and-detention-costs-through-invoice-validation","2026-07-15","Observed 2026-07-15","Public web / enterprise freight audit","Anonymized vendor-reported D&D reduction case and enterprise freight-audit positioning","company-claim","medium","Anonymized outcome and inconsistent audit-point counts","Competitor matrix","2026-08-14","Vendor marketing only"
SRC-036,"GoComet cost-reduction solution","vendor","GoComet","https://www.gocomet.com/solutions/reduce-supply-chain-costs","2026-07-15","Observed 2026-07-15","Public web / global trade","Visibility, procurement, tracking, D&D prevention, free basic tracker signal","company-claim","medium","Broad outcomes do not validate D&D recovery","Competitor matrix","2026-08-14","Prevention alternative, not recovery proof"
SRC-037,"BlueCargo OSRA FAQ","vendor","BlueCargo","https://www.bluecargo.io/osra-faq","2026-07-15","Observed 2026-07-15","Public web / United States market","Direct evidence that vendor regulatory content repeats vacated section 541.4 and receipt-date NVOCC wording","company-claim","high","Materially stale against current eCFR and court/removal sources","Competitor content-risk example","2026-08-14","Do not use vendor copy as regulatory authority"
SRC-038,"Evergreen D.C. Circuit opinion","primary-court","U.S. Court of Appeals for the D.C. Circuit","https://www2.fmc.gov/readingroom/docs/1966%28I%29/%2820%29%201966%28I%29%20Opinion%20of%20the%20United%20States%20Court%20of%20Appeals%20for%20the%20District%20of%20Columbia%20Circuit%2C%20Case%20No.%2025-1104.pdf/","2026-07-15","2026-04-28","United States / D.C. Circuit","Upholds fact-specific freight-fluidity finding where earlier return during closed gates was impossible","verified","high","FMC report published 2026-07-08; date must not be conflated","Current case context","2026-08-14","Not a blanket closure or weekend rule"
SRC-039,"FMC VOCC Audit Program","primary-government","Federal Maritime Commission","https://www.fmc.gov/databases-and-publications/vessel-operating-common-carrier-vocc-audit-program/","2026-07-15","Current page; program established 2021","United States / top nine carriers by market share","Carrier best-practice areas cover accessible rates and terms, dispute policy and required information, and clear invoice and cargo-availability notices","verified","high","Program guidance does not establish case eligibility or vendor performance","Buyer workflow and evidence-readiness design","2026-08-14","Use for process controls and educational themes; current legal meaning still follows current rules"
SRC-040,"Port of Los Angeles 2026 Container Statistics","primary-port-authority","Port of Los Angeles","https://portoflosangeles.org/business/statistics/container-statistics/historical-teu-statistics-2026","2026-07-15","January-May 2026 values displayed","United States / Port of Los Angeles","Current loaded-import activity supports port concentration as a segmentation signal","verified","high","Port volume is not buyer count, D&D incidence, disputability, or recoverability","Segmentation context","2026-08-14","Do not convert port totals into SheperD TAM or account-level exposure"
SRC-041,"Dockline","vendor","Dockline","https://docklineai.com/","2026-07-15","Observed 2026-07-15","Public web / drayage audit","Broad drayage invoice audit, contract checks, terminal-data verification, and dispute-ready evidence positioning","company-claim","medium","Performance, integrations, customers, and maturity unverified","Competitor and category-alternative matrix","2026-08-14","Vendor marketing only"
SRC-042,"GTM Market and Demand Scan","mixed-public-web","Federal Maritime Commission; Port of Los Angeles; vendors; public search","10_Sources/Source - GTM Market and Demand Scan - 2026-07-15.md","2026-07-15","Observed 2026-07-15","United States focus; adjacent results separated","Current visible question and content themes around invoice requirements, disputes, evidence, pricing, and port closures","mixed","medium","No approved keyword-volume or first-party SheperD search dataset; result ordering is volatile","Content hypotheses and measurement gaps","2026-08-14","Visible content supply is not market demand, buyer intent, or product-market fit"
SRC-043,"gCaptain Transportation Financial Intelligence sponsored article","sponsored-vendor-media","gCaptain / nVision Global","https://gcaptain.com/transportation-financial-intelligence-the-lesson-behind-every-supply-chain-disruption/","2026-07-15","2026-07-14","Global freight audit and payment","Vendor positioning links disruption, invoice controls, exception analysis, and transportation financial intelligence","company-claim","medium","Published discrepancy metrics lack public sample design, period, denominator, method, and independent validation","Category language and competitor positioning","2026-08-14","Sponsored article; exclude displayed metrics from market sizing, savings, recovery, and comparative claims"
SRC-044,"Preliminary Profile of U.S. Importing and Exporting Companies 2024","primary-government","U.S. Census Bureau","https://www.census.gov/foreign-trade/Press-Release/edb/2024prelimprofile.pdf","2026-07-15","Preliminary 2024 profile","United States","Reports 239231 identified U.S. importers, including 232804 SMEs, and matched import value","verified","high","Includes all transport modes and does not identify ocean-container exposure, D&D incidence, or buyer intent","Broad importer-universe context","2027-04-01","Do not use identified importer count as TAM, SAM, or ocean-importer count"
SRC-045,"Container Port Performance Index 2025","multilateral-report","World Bank Group / S&P Global Market Intelligence","https://www.worldbank.org/en/topic/transport/publication/cppi","2026-07-15","2025 edition","Global container ports","Vessel time-in-port benchmark and contextual congestion/efficiency trends","verified","high","Scores reflect external shocks and are not invoice-validity, company-exposure, or blame measures","Port and congestion context","2027-07-15","Use as diagnostic context only"
SRC-046,"Review of Maritime Transport 2025","multilateral-report","UN Trade and Development","https://unctad.org/publication/review-maritime-transport-2025","2026-07-15","2025 edition","Global maritime trade","Documents route disruption, volatile costs, chronic port disruption, and resilience pressure","verified","high","Global report does not establish U.S. D&D incidence, recoverability, or buyer demand","Industry and disruption context","2027-07-15","Do not translate macro disruption into case eligibility"
SRC-047,"Global Supply Chain Pressure Index","public-research-indicator","Federal Reserve Bank of New York","https://www.newyorkfed.org/research/policy/gscpi","2026-07-15","Monthly indicator; page observed 2026-07-15","Global","Composite indicator integrates transportation costs and manufacturing signals to monitor supply-chain pressure","verified","high","Not an official Fed estimate and not case-level D&D or buyer evidence","Macro monitoring context","2026-10-15","Record observation date when using index values"
SRC-048,"IMF PortWatch","multilateral-experimental-platform","International Monetary Fund / University of Oxford","https://www.imf.org/en/news/articles/2023/11/13/pr23390-imf-university-oxford-launch-portwatch-platform-monitor-simulate-trade-disruptions","2026-07-15","Platform launched 2023; current method context checked 2026-07-15","Global ports and maritime trade","AIS-based indicators can monitor and simulate port and trade disruption","mixed","high","Experimental estimates are revised and have coverage/method limits; not official trade or D&D exposure","Port/trade monitoring research","2027-07-15","Use with methodology and revision boundary"
SRC-049,"D&D and supply-chain research paper map","mixed-research","Transportation Research Part C; University of Debrecen; New York Fed; IMF; World Bank","10_Sources/Source - Research Papers and Community Evidence - 2026-07-15.md","2026-07-15","2018-2026 publications","Mixed global and case-study geographies","Research supports D&D scheduling, dwell-time causes, and macro/port monitoring methods","mixed","high","Study settings and models do not establish U.S. prevalence, market size, legal eligibility, or SheperD outcomes","Mechanism map and research design","2027-07-15","Promote individual findings only with exact paper, population, and limitation"
SRC-050,"Public practitioner and community evidence map","community-anecdotal","Reddit logistics and supply-chain communities","10_Sources/Source - Research Papers and Community Evidence - 2026-07-15.md","2026-07-15","Posts observed through 2026-07-15","Public online communities","Posts expose question language around exam holds, surprise charges, missing backup, invoice audit, and dispute uncertainty","anecdotal","low","Identity, amount, authenticity, advice, votes, and prevalence are unverified","Interview questions and content-language discovery","2026-08-14","Never use as legal authority, prevalence, demand volume, or PMF proof"
SRC-051,"FMC public enforcement and pain signals","primary-government","Federal Maritime Commission","10_Sources/Source - Competitor and Public Pain Signals - 2026-07-15.md","2026-07-15","2022-2026 actions","United States","Official actions demonstrate material billing, liability, waiver, and freight-fluidity disputes","verified","high","Civil penalties and fact-specific decisions are not customer recovery, TAM, or universal case rules","Problem validation and control design","2026-08-14","Keep each action, legal basis, remedy, and admission status separate"
SRC-052,"Enterprise freight audit and payment competitor map","vendor","nVision Global; Trax; Cass; CT Logistics; Data2Logistics/Loop","10_Sources/Source - Competitor and Public Pain Signals - 2026-07-15.md","2026-07-15","Observed 2026-07-15","Global enterprise freight audit and payment","Broader platforms position around invoice audit, payment, governance, normalization, analytics, and financial intelligence","company-claim","medium","Scale, savings, technology, customer, and performance claims are vendor-controlled and non-comparable","Competitive alternatives and positioning","2026-08-14","Enterprise providers are adjacent/substitute competition, not direct D&D recovery proof"
SRC-053,"Commercial freight audit and payment market estimates","commercial-market-research","Knowledge Sourcing Intelligence; The Insight Partners; other public report summaries","10_Sources/Source - Industry Congestion and Market Reports - 2026-07-15.md","2026-07-15","2025-2026 public summaries","Global freight audit and payment","Public summaries demonstrate that a commercial research category exists","unverified","low","Displayed market values conflict materially; scope, method, raw data, ocean share, and D&D share are opaque","Discovery and diligence queue only","2026-08-14","Excluded from admitted TAM, SAM, SOM, and investor claims"
