"model_id","workflow_ids","counted_step_ids","opportunity_ids","scenario","unit","frequency_per_month","baseline_minutes","assisted_minutes","review_minutes","exception_rate","exception_minutes","monthly_maintenance_hours","adoption_rate","reliability_factor","loaded_hourly_cost","annual_tooling_cost","implementation_cost","annual_maintenance_cost","baseline_hours","future_hours","gross_hours_released","risk_adjusted_hours_pre_cap","measured_eligible_workload_cap","measured_owner_capacity_cap","annual_capacity_value","net_annual_value","source_assumption","sample_size","confidence","owner","dependency","exclusion_double_count_group","baseline_wait_minutes","assisted_wait_minutes","checked_date"
"CM-001","WF-003;WF-006;WF-014;WF-023;WF-037","WF-003-S02;WF-006-S01;WF-014-S01;WF-023-S01;WF-037-S01","AI-001;AI-011;AI-015","low","cited answer or draft","4","30","8","15","0.25","15","0.75","0.4","0.82","","","","","2.000000","2.533333","0.000000","0.000000","","","","","Internal planning envelope from admitted workflow and AI design; not observed","0","low","Michael plus domain reviewer","Approved claims; D0-D1 corpus; reviewer SLA; WF-042","DG-KNOWLEDGE-CLAIMS","unknown","unknown","2026-07-15"
"CM-001","WF-003;WF-006;WF-014;WF-023;WF-037","WF-003-S02;WF-006-S01;WF-014-S01;WF-023-S01;WF-037-S01","AI-001;AI-011;AI-015","base","cited answer or draft","12","40","7","14","0.15","15","0.5","0.65","0.91","","","","","8.000000","5.150000","2.850000","1.685775","","","","","Internal planning envelope from admitted workflow and AI design; not observed","0","low","Michael plus domain reviewer","Approved claims; D0-D1 corpus; reviewer SLA; WF-042","DG-KNOWLEDGE-CLAIMS","unknown","unknown","2026-07-15"
"CM-001","WF-003;WF-006;WF-014;WF-023;WF-037","WF-003-S02;WF-006-S01;WF-014-S01;WF-023-S01;WF-037-S01","AI-001;AI-011;AI-015","high","cited answer or draft","25","50","5","12","0.08","12","0.25","0.85","0.97","","","","","20.833333","7.733333","13.100000","10.800950","","","","","Internal planning envelope from admitted workflow and AI design; not observed","0","low","Michael plus domain reviewer","Approved claims; D0-D1 corpus; reviewer SLA; WF-042","DG-KNOWLEDGE-CLAIMS","unknown","unknown","2026-07-15"
"CM-002","WF-023;WF-030","WF-023-S03;WF-030-S01","AI-012","low","held meeting","4","45","12","12","0.2","15","0.75","0.5","0.85","","","","","3.000000","2.550000","0.450000","0.191250","","","","","Internal planning envelope from admitted workflow and AI design; not observed","0","low","Michael","Consent; approved D2 tool; CRM schema; WF-042","DG-MEETING-ADMIN","unknown","unknown","2026-07-15"
"CM-002","WF-023;WF-030","WF-023-S03;WF-030-S01","AI-012","base","held meeting","10","60","10","12","0.1","15","0.5","0.75","0.92","","","","","10.000000","4.416667","5.583333","3.852500","","","","","Internal planning envelope from admitted workflow and AI design; not observed","0","low","Michael","Consent; approved D2 tool; CRM schema; WF-042","DG-MEETING-ADMIN","unknown","unknown","2026-07-15"
"CM-002","WF-023;WF-030","WF-023-S03;WF-030-S01","AI-012","high","held meeting","20","75","8","10","0.05","10","0.25","0.9","0.97","","","","","25.000000","6.416667","18.583333","16.223250","","","","","Internal planning envelope from admitted workflow and AI design; not observed","0","low","Michael","Consent; approved D2 tool; CRM schema; WF-042","DG-MEETING-ADMIN","unknown","unknown","2026-07-15"
"CM-003","WF-013;WF-030;WF-032","WF-013-S02;WF-030-S02;WF-032-S01","AI-005","low","CRM record-month","30","5","1","2","0.2","5","0.75","0.45","0.9","","","","","2.500000","2.750000","0.000000","0.000000","","","","","Internal planning envelope from admitted workflow and AI design; not observed","0","low","Michael","CRM MVP; required fields; permissions; WF-042","DG-CRM-HYGIENE","unknown","unknown","2026-07-15"
"CM-003","WF-013;WF-030;WF-032","WF-013-S02;WF-030-S02;WF-032-S01","AI-005","base","CRM record-month","75","6","1","1.5","0.1","5","0.5","0.7","0.96","","","","","7.500000","4.250000","3.250000","2.184000","","","","","Internal planning envelope from admitted workflow and AI design; not observed","0","low","Michael","CRM MVP; required fields; permissions; WF-042","DG-CRM-HYGIENE","unknown","unknown","2026-07-15"
"CM-003","WF-013;WF-030;WF-032","WF-013-S02;WF-030-S02;WF-032-S01","AI-005","high","CRM record-month","150","8","0.5","1","0.05","4","0.25","0.9","0.99","","","","","20.000000","4.500000","15.500000","13.810500","","","","","Internal planning envelope from admitted workflow and AI design; not observed","0","low","Michael","CRM MVP; required fields; permissions; WF-042","DG-CRM-HYGIENE","unknown","unknown","2026-07-15"
"CM-004","WF-009;WF-010;WF-020","WF-009-S03;WF-010-S02;WF-020-S03","AI-013","low","admitted account","10","20","7","8","0.25","10","0.75","0.4","0.8","","","","","3.333333","3.666667","0.000000","0.000000","","","","","Internal planning envelope from admitted workflow and AI design; not observed","0","low","Michael","Admitted source/provenance; permission; WF-042","DG-ACCOUNT-RESEARCH","unknown","unknown","2026-07-15"
"CM-004","WF-009;WF-010;WF-020","WF-009-S03;WF-010-S02;WF-020-S03","AI-013","base","admitted account","25","30","6","8","0.15","10","0.5","0.65","0.9","","","","","12.500000","6.958333","5.541667","3.241875","","","","","Internal planning envelope from admitted workflow and AI design; not observed","0","low","Michael","Admitted source/provenance; permission; WF-042","DG-ACCOUNT-RESEARCH","unknown","unknown","2026-07-15"
"CM-004","WF-009;WF-010;WF-020","WF-009-S03;WF-010-S02;WF-020-S03","AI-013","high","admitted account","50","40","5","7","0.08","8","0.25","0.85","0.97","","","","","33.333333","10.783333","22.550000","18.592475","","","","","Internal planning envelope from admitted workflow and AI design; not observed","0","low","Michael","Admitted source/provenance; permission; WF-042","DG-ACCOUNT-RESEARCH","unknown","unknown","2026-07-15"
"CM-005","WF-022","WF-022-S02","AI-014","low","reviewed touch","20","8","2","4","0.2","5","0.75","0.4","0.82","","","","","2.666667","3.083333","0.000000","0.000000","","","","","Internal planning envelope from admitted workflow and AI design; not observed","0","low","Michael","Approved account; message; permission; activation; WF-042","DG-OUTREACH-DRAFT","unknown","unknown","2026-07-15"
"CM-005","WF-022","WF-022-S02","AI-014","base","reviewed touch","50","10","2","4","0.1","5","0.5","0.65","0.93","","","","","8.333333","5.916667","2.416667","1.460875","","","","","Internal planning envelope from admitted workflow and AI design; not observed","0","low","Michael","Approved account; message; permission; activation; WF-042","DG-OUTREACH-DRAFT","unknown","unknown","2026-07-15"
"CM-005","WF-022","WF-022-S02","AI-014","high","reviewed touch","100","12","1.5","3","0.05","4","0.25","0.85","0.98","","","","","20.000000","8.083333","11.916667","9.926583","","","","","Internal planning envelope from admitted workflow and AI design; not observed","0","low","Michael","Approved account; message; permission; activation; WF-042","DG-OUTREACH-DRAFT","unknown","unknown","2026-07-15"
"CM-006","WF-031;WF-032","WF-031-S04;WF-031-S05;WF-032-S02;WF-032-S03","AI-009;AI-016","low","weekly report","4","60","15","20","0.25","30","1.25","0.65","0.92","","","","","4.000000","4.083333","0.000000","0.000000","","","","","Internal planning envelope from admitted workflow and AI design; not observed","0","low","Michael","Versioned CRM export; KPI dictionary; WF-042","DG-REPORTING","unknown","unknown","2026-07-15"
"CM-006","WF-031;WF-032","WF-031-S04;WF-031-S05;WF-032-S02;WF-032-S03","AI-009;AI-016","base","weekly report","4.33","90","15","20","0.1","30","1","0.85","0.98","","","","","6.495000","3.742333","2.752667","2.292971","","","","","Internal planning envelope from admitted workflow and AI design; not observed","0","low","Michael","Versioned CRM export; KPI dictionary; WF-042","DG-REPORTING","unknown","unknown","2026-07-15"
"CM-006","WF-031;WF-032","WF-031-S04;WF-031-S05;WF-032-S02;WF-032-S03","AI-009;AI-016","high","weekly report","4.33","120","10","15","0.05","20","0.75","0.95","0.995","","","","","8.660000","2.626333","6.033667","5.703323","","","","","Internal planning envelope from admitted workflow and AI design; not observed","0","low","Michael","Versioned CRM export; KPI dictionary; WF-042","DG-REPORTING","unknown","unknown","2026-07-15"
"CM-007","WF-018;WF-034","WF-018-S01;WF-018-S02;WF-034-S02","AI-017","low","approved source asset","2","90","25","35","0.25","30","0.75","0.35","0.8","","","","","3.000000","3.000000","0.000000","0.000000","","","","","Internal planning envelope from admitted workflow and AI design; not observed","0","low","Michael; Avi/legal/customer approve","Approved source; claims; permission; WF-042","DG-CONTENT","unknown","unknown","2026-07-15"
"CM-007","WF-018;WF-034","WF-018-S01;WF-018-S02;WF-034-S02","AI-017","base","approved source asset","6","120","20","30","0.15","30","0.5","0.65","0.9","","","","","12.000000","5.950000","6.050000","3.539250","","","","","Internal planning envelope from admitted workflow and AI design; not observed","0","low","Michael; Avi/legal/customer approve","Approved source; claims; permission; WF-042","DG-CONTENT","unknown","unknown","2026-07-15"
"CM-007","WF-018;WF-034","WF-018-S01;WF-018-S02;WF-034-S02","AI-017","high","approved source asset","12","150","15","25","0.08","20","0.25","0.85","0.97","","","","","30.000000","8.570000","21.430000","17.669035","","","","","Internal planning envelope from admitted workflow and AI design; not observed","0","low","Michael; Avi/legal/customer approve","Approved source; claims; permission; WF-042","DG-CONTENT","unknown","unknown","2026-07-15"
"CM-008","WF-025;WF-026","WF-025-S02;WF-026-S02","AI-004;AI-018","low","submission package","2","60","10","30","0.3","45","0.75","0.35","0.85","","","","","2.000000","2.533333","0.000000","0.000000","","","","","Internal planning envelope from admitted workflow and AI design; not observed","0","low","Product/data owner plus Michael","Secure intake; D2 metadata; reviewer; WF-042","DG-INTAKE","unknown","unknown","2026-07-15"
"CM-008","WF-025;WF-026","WF-025-S02;WF-026-S02","AI-004;AI-018","base","submission package","5","90","8","25","0.2","40","0.5","0.6","0.95","","","","","7.500000","3.916667","3.583333","2.042500","","","","","Internal planning envelope from admitted workflow and AI design; not observed","0","low","Product/data owner plus Michael","Secure intake; D2 metadata; reviewer; WF-042","DG-INTAKE","unknown","unknown","2026-07-15"
"CM-008","WF-025;WF-026","WF-025-S02;WF-026-S02","AI-004;AI-018","high","submission package","10","120","5","20","0.1","30","0.25","0.8","0.99","","","","","20.000000","4.916667","15.083333","11.946000","","","","","Internal planning envelope from admitted workflow and AI design; not observed","0","low","Product/data owner plus Michael","Secure intake; D2 metadata; reviewer; WF-042","DG-INTAKE","unknown","unknown","2026-07-15"
"CM-009","WF-011;WF-024","WF-011-S03;WF-024-S03","AI-007","low","referral or SLA event","5","15","3","7","0.2","10","0.5","0.4","0.85","","","","","1.250000","1.500000","0.000000","0.000000","","","","","Internal planning envelope from admitted workflow and AI design; not observed","0","low","Michael or relationship owner","Partner schema; attribution; SLA; WF-042","DG-PARTNER","unknown","unknown","2026-07-15"
"CM-009","WF-011;WF-024","WF-011-S03;WF-024-S03","AI-007","base","referral or SLA event","12","20","3","6","0.1","10","0.375","0.65","0.96","","","","","4.000000","2.375000","1.625000","1.014000","","","","","Internal planning envelope from admitted workflow and AI design; not observed","0","low","Michael or relationship owner","Partner schema; attribution; SLA; WF-042","DG-PARTNER","unknown","unknown","2026-07-15"
"CM-009","WF-011;WF-024","WF-011-S03;WF-024-S03","AI-007","high","referral or SLA event","25","25","2","5","0.05","8","0.25","0.85","0.99","","","","","10.416667","3.333333","7.083333","5.960625","","","","","Internal planning envelope from admitted workflow and AI design; not observed","0","low","Michael or relationship owner","Partner schema; attribution; SLA; WF-042","DG-PARTNER","unknown","unknown","2026-07-15"
"CM-010","WF-035","WF-035-S01;WF-035-S02","AI-008","low","approved inbound","5","12","2","7","0.2","8","0.5","0.4","0.9","","","","","1.000000","1.383333","0.000000","0.000000","","","","","Internal planning envelope from admitted workflow and AI design; not observed","0","low","Michael","Approved form; consent; routing; D2 controls; WF-042","DG-INBOUND","unknown","unknown","2026-07-15"
"CM-010","WF-035","WF-035-S01;WF-035-S02","AI-008","base","approved inbound","15","15","2","6","0.1","8","0.375","0.65","0.98","","","","","3.750000","2.575000","1.175000","0.748475","","","","","Internal planning envelope from admitted workflow and AI design; not observed","0","low","Michael","Approved form; consent; routing; D2 controls; WF-042","DG-INBOUND","unknown","unknown","2026-07-15"
"CM-010","WF-035","WF-035-S01;WF-035-S02","AI-008","high","approved inbound","40","20","1","5","0.05","6","0.25","0.85","0.995","","","","","13.333333","4.450000","8.883333","7.513079","","","","","Internal planning envelope from admitted workflow and AI design; not observed","0","low","Michael","Approved form; consent; routing; D2 controls; WF-042","DG-INBOUND","unknown","unknown","2026-07-15"
