"workflow_id","title","phase","workstream","responsibility_source","evidence_state","coverage_status","role_scope","business_importance","action_priority","owner","accountable_approver","actors","frequency","volume","inputs","systems","ordered_steps","step_classification","outputs","active_minutes","wait_minutes","exception_rate","failure_modes","bottleneck","sensitive_data_class","human_decisions","candidate_optimization","review_gate","dependencies","kpi","confidence","measurement_source","notes","trigger"
"WF-001","Written safe-start","W0","7 Governance","SRC;PLAN;SCORE","mixed","blocked","supporting","1","1","Avi + counsel","Authorized signatory/legal","Avi;Michael;counsel","Before work and material change","unknown","Entity;role;authority;compensation;IP;confidentiality;access/data terms","Contract repository;decision register","WF-001-S01[ai-assisted] extract unresolved terms;WF-001-S02[human-only] negotiate scope and authority;WF-001-S03[human-only] legal review and signature;WF-001-S04[deterministic-automation] record permissions and expiry","ai-assisted;human-only;deterministic-automation","Signed engagement and authority matrix","unknown","unknown","unknown","Unsigned work;vague authority;missing IP/data terms","Entity/signatory/counsel decision","D1","Every term and go/no-go","Completeness checklist and approval timer","Safe-start","Entity evidence;counsel;signatory","Gate completion and approval latency","high","MP-01","No work-first exception","Engagement proposed or external work requested"
"WF-002","Product-truth workshop","W0-1","2 Value/Journey","PLAN;Product note","mixed","needs-owner","supporting","1","1","Avi + product/data","Avi","Avi;product/data;Michael;domain reviewer","Before activation and material change","unknown","Product claims;demo;architecture and process artifacts","Approved demo environment;vault","WF-002-S01[human-only] demonstrate actual workflow;WF-002-S02[ai-assisted] compare demo to claims;WF-002-S03[deterministic-automation] record current/manual/pilot/roadmap;WF-002-S04[human-only] approve truth state","human-only;ai-assisted;deterministic-automation","Product truth table","unknown","unknown","unknown","Roadmap presented as current;manual steps omitted","Named product owner and demonstrable artifacts","D0-D1","Commercial representation and capability confirmation","Comparison and checklist","Week-2 gate","Named product owner;artifacts;de-identified demo","Capabilities classified with evidence","medium","MP-01;MP-08","Use de-identified examples","Activation preparation"
"WF-003","Claims review/approval","W0-2;ongoing","1 Domain","Claims register;CH","mixed","blocked","supporting","1","1","Domain/legal reviewer","Domain/legal reviewer + Avi","Michael;reviewer;Avi","Per proposed external claim or version","unknown","Exact wording;channel;evidence;method","Claims register;vault","WF-003-S01[deterministic-automation] require claim ID/source/use;WF-003-S02[ai-assisted] retrieve evidence and draft boundary;WF-003-S03[human-only] review meaning;WF-003-S04[human-only] approve commercial use;WF-003-S05[deterministic-automation] record date/expiry","deterministic-automation;ai-assisted;human-only","Approved or rejected claim record","unknown","unknown","unknown","Missing source;stale rule;scope changes after approval","Evidence and reviewer/Avi approval wait","D0-D1","Legal meaning and publication approval","Citation and expiry checks","Every publication or send","Current sources;reviewer;Avi","Approved/rejected/expired claims and uncited count","high","MP-01;MP-09","Approval is wording and channel specific","New or revised external claim"
"WF-004","Secure-intake approval","W0-2","3 Technology/CRM","SEC;PLAN","policy","blocked","supporting","1","1","Product/security + legal/privacy","Named control owners","Product/security;legal/privacy;product/data;Michael","Before intake and material change or incident","unknown","Agreements;systems;regions;subprocessors;access and retention controls","Security documentation;approved repositories","WF-004-S01[deterministic-automation] control-gap checklist;WF-004-S02[ai-assisted] summarize gaps;WF-004-S03[human-only] risk review and design approval;WF-004-S04[deterministic-automation] configure/test controls;WF-004-S05[human-only] authorize activation","deterministic-automation;ai-assisted;human-only","Approved intake design","unknown","unknown","unknown","Unsafe transfer;undefined access/retention;owner absent","Named owners and approved system","D0-D1 design;D3 later","Security/privacy/data acceptance","Validation;logs;access expiry","Week-2 data gate","Named owners;approved system;NDA/DPA","Control pass;incidents;deletion SLA","high","MP-01;MP-04","D3 disabled until written approval","Customer-data handling proposed"
"WF-005","Founder/product immersion","W1","1 Domain","SRC;PLAN","internal-proposal","mapped","owned","1","1","Michael","Avi","Michael;Avi;team;product/data","W1 and follow-up as gaps emerge","unknown","Founder knowledge;walkthroughs;operating artifacts","Vault;consented meeting notes","WF-005-S01[human-only] set agenda;WF-005-S02[human-only] walkthrough/shadow;WF-005-S03[ai-assisted] summarize claims and gaps;WF-005-S04[human-only] validate notes;WF-005-S05[deterministic-automation] assign owners/dates","human-only;ai-assisted;deterministic-automation","Validated knowledge and gap log","unknown","unknown","unknown","Recollection treated as fact;gaps unassigned","Founder/team availability","D0-D1","Founder validates representation","Meeting prep and notes","W1 review","Founder/team access;no raw customer data","Walkthrough coverage and unresolved gaps","medium","MP-08","Founder statements remain claims","Safe internal start"
"WF-006","Domain learning/retrieval","W1-2;ongoing","1 Domain","SRC;WS1","inference","needs-owner","owned with reviewer dependency","1","1","Michael + domain reviewer","Domain reviewer","Michael;reviewer;Avi","Per domain question and scheduled review","unknown","Current sources;glossary;anonymized examples","Vault;source ledger","WF-006-S01[ai-assisted] cited retrieval;WF-006-S02[human-only] analyze facts/questions;WF-006-S03[human-only] reviewer resolves meaning;WF-006-S04[ai-assisted] draft FAQ;WF-006-S05[deterministic-automation] link source/review date","ai-assisted;human-only;deterministic-automation","Reviewed answer, FAQ, or gap","unknown","unknown","unknown","Overclaim;stale source;reviewer backlog","Named reviewer and response latency","D0-D1","Regulatory interpretation","Retrieval and freshness checks","External-message gate","Named reviewer;current sources","Zero uncited external claims and question SLA","high","MP-01;MP-09","Learning does not confer legal authority","Domain question or external-language need"
"WF-007","Stakeholder/journey mapping","W1","2 Value/Journey","SRC;FUN","inference","mapped","owned","1","1","Michael","Avi","Michael;Avi;product/data;later customers","Initial map and evidence-led revisions","unknown","Personas;marketed flow;stakeholder evidence","Vault;journey map","WF-007-S01[ai-assisted] synthesize roles/stages;WF-007-S02[human-only] workshop;WF-007-S03[deterministic-automation] require owner/entry/exit;WF-007-S04[human-only] approve hypothesis map","ai-assisted;human-only;deterministic-automation","Versioned stakeholder/journey map","unknown","unknown","unknown","Missing approver/data owner;marketed flow accepted as actual","Product truth","D0-D1","Commercial hypothesis selection","Structured extraction and comparison","W1/W2","Product truth;owner access","Stages and roles with owners/evidence","medium","MP-03","Revise from measured evidence","Immersion or journey workshop"
"WF-008","Funnel baseline/instrumentation design","W1","2+3 Value/Journey and Technology/CRM","PLAN;FUN;KPI","inference","blocked","owned","1","1","Michael","Avi + product/data","Michael;product/data;CRM admin","Initial design and gate reviews","unknown","Event definitions;stage contract;source fields","CRM design;analytics dictionary","WF-008-S01[human-only] define metrics/events;WF-008-S02[deterministic-automation] create timestamps and required fields;WF-008-S03[human-only] validate submission events;WF-008-S04[deterministic-automation] test reconciliation;WF-008-S05[human-only] approve baseline","human-only;deterministic-automation","Event dictionary and baseline plan","unknown","unknown","unknown","Wrong denominator;missing timestamps;retrospective fabrication","No operational events or approved definitions","D1;later D2 aggregates","Definitions and exclusions","Event capture and formula checks","W2/W6/W12","CRM;product/data;no fabricated history","Event coverage and baseline completeness","low","MP-03;MP-08","Inactive is not zero","Journey mapped or activation planned"
"WF-009","List provenance/admission","W1-2","6 Segmentation","SRC;CRM;SCORE","mixed","blocked","owned","2","1","Michael + Avi","Legal/privacy for permission rules","Michael;Avi;legal/privacy","Per received list or source","unknown","Provenance;freshness;permission;opt-out;identifiers","CRM;approved source store","WF-009-S01[deterministic-automation] validate source fields;WF-009-S02[deterministic-automation] deduplicate/suppress;WF-009-S03[ai-assisted] normalize business data;WF-009-S04[human-only] resolve permission/master ambiguity;WF-009-S05[human-only] admit or reject","deterministic-automation;ai-assisted;human-only","Admitted list and rejection reasons","unknown","unknown","unknown","Unknown provenance;duplicates;DNC leakage","Source data and permission rules","D2","Permission ambiguity and admission","Dedupe and validation","Before cohort/outreach","Source data;permission rules","Admitted/contactable/duplicate/suppressed counts","high","MP-02","Unknown permission blocks outreach","List received"
"WF-010","ICP scoring/segmentation","W2 onward","6 Segmentation","ICP;WS6","inference","blocked","owned","2","1","Michael","Michael;Avi for strategic criteria","Michael;Avi","Per admitted account or cohort","unknown","Score inputs and rationale","CRM","WF-010-S01[deterministic-automation] calculate v0 score;WF-010-S02[ai-assisted] draft sourced brief;WF-010-S03[human-only] validate facts;WF-010-S04[human-only] prioritize cohort;WF-010-S05[deterministic-automation] record version","deterministic-automation;ai-assisted;human-only","Scored and prioritized cohort","unknown","unknown","unknown","Automatic exclusion;stale facts","No admitted accounts","D2","Priority and exclusion","Formula and source checks","Cohort approval","WF-009;approved criteria","Score completeness and progression by cohort","medium","MP-02;MP-03","Score is prioritization only","Account admitted"
"WF-011","Partner roster/referral design","W1-2","6 Segmentation","SRC;PART","inference","needs-owner","owned","2","1","Michael","Avi + legal/commercial","Michael;Avi;partner;legal","Initial roster and per-partner review","unknown","Public facts;relationship;consent;economics;ownership","CRM;partner register","WF-011-S01[ai-assisted] prepare sourced brief;WF-011-S02[human-only] assess fit/conflict;WF-011-S03[deterministic-automation] require attribution/SLA fields;WF-011-S04[human-only] approve economics/representation;WF-011-S05[deterministic-automation] record decision","ai-assisted;human-only;deterministic-automation","Partner roster and SLA","unknown","unknown","unknown","Channel conflict;weak attribution;misleading representation","Economics/account ownership/relationship owner","D0-D2","Economics, rating, conflict","Alerts and scorecard drafting","Before partner outreach/referral","Avi/legal terms;relationship owner","Accepted referrals;qualified rate;cycle","medium","MP-05","Volume alone is not quality","Partner hypothesis or admitted partner"
"WF-012","Business-model hypothesis mapping","W1-16","2 Value/Journey","SRC;CH","internal-proposal","mapped","owned for mapping only","1","1","Michael","Avi + legal/commercial","Michael;Avi;product/data","Per material pattern and gates","unknown","Cohort results;motivations;cycle/outcome data","CRM aggregates;vault","WF-012-S01[deterministic-automation] group by archetype;WF-012-S02[ai-assisted] compare patterns;WF-012-S03[human-only] assess support;WF-012-S04[human-only] approve model change;WF-012-S05[deterministic-automation] version decision","deterministic-automation;ai-assisted;human-only","Business-model hypothesis map","unknown","unknown","unknown","Small sample promoted as validated","Insufficient customer evidence","D1-D2 de-identified","Pricing and model approval","Descriptive comparison","W6/W12/W16","Adequate sample and trustworthy data","Progression/outcome by archetype and sample","medium","MP-03","Mapping owned; approval excluded","Material customer or partner evidence recorded"
"WF-013","CRM MVP/stage contract","W1-2;revise W6/W12","3 Technology/CRM","SRC;PLAN;CRM","inference","needs-owner","owned","1","1","Michael","Avi;product/data and legal/privacy for handoffs","Michael;CRM admin;product/data;legal/privacy","Initial build and W6/W12 review","unknown","Stage and object requirements","CRM","WF-013-S01[human-only] approve MVP scope;WF-013-S02[deterministic-automation] configure fields and permissions;WF-013-S03[deterministic-automation] test controls;WF-013-S04[human-only] validate stage/handoff rules;WF-013-S05[human-only] approve version","human-only;deterministic-automation","Operational CRM MVP and schema version","unknown","unknown","unknown","Overbuilt schema;missing audit trail;unsafe links","Tool/admin/access decision","D2 metadata","Material stages and permissions","Deterministic required-field and audit controls","W2 then W6/W12","Tool;admin;budget;product/data;legal/privacy","Required-field completeness and stale count","high","MP-07","Version at W6/W12","CRM/tool/access approved"
"WF-014","Sales asset system","W1-2;ongoing","4 Sales Assets","SRC;CH;Playbook","inference","blocked","owned","2","2","Michael","Avi + domain reviewer","Michael;Avi;reviewer","Per asset or message version","unknown","Claims;persona;objection;checklist","Vault;content repository","WF-014-S01[ai-assisted] draft from approved facts;WF-014-S02[deterministic-automation] verify claim IDs/sources;WF-014-S03[human-only] edit;WF-014-S04[human-only] approve where required;WF-014-S05[deterministic-automation] publish internal version","ai-assisted;deterministic-automation;human-only","Talk tracks, checklists, and objection assets","unknown","unknown","unknown","Invented proof;obsolete asset reused","Product and claims approvals","D0-D1","External use approval","Drafting and claim QC","Before reviewed use","WF-002;WF-003","Use, acceptance, and conversion by version","high","MP-09","Drafts require review","Approved fact or customer-learning need"
"WF-015","Cadence/decision governance","W1-16","7 Governance","SRC;KPI","inference","mapped","owned","1","1","Michael","Avi","Michael;Avi;product/data;reviewer;legal/privacy","Daily;weekly;biweekly;monthly;gates","unknown","CRM status;blockers;decisions","CRM;scorecard;decision register","WF-015-S01[deterministic-automation] collect due/stale items;WF-015-S02[ai-assisted] prepare agenda;WF-015-S03[human-only] review capacity;WF-015-S04[human-only] decide;WF-015-S05[deterministic-automation] record owner/date","deterministic-automation;ai-assisted;human-only","Current scorecard and decisions","unknown","unknown","unknown","Meetings without decisions;hidden wait","Unaccepted SLAs and delegation","D1-D2 summaries","Priority and stop decisions","Reminders and summaries","Weekly and gates","Accepted SLAs and delegation","Decision turnaround and overdue blockers","high","MP-01;MP-10","Capture approval wait separately","Operating cadence date"
"WF-016","Website audit/requirements","W1-2","5 Digital","SRC;WEB","internal-observation","mapped","owned requirements","1","2","Michael","Avi + claims/privacy approvers","Michael;Avi;website owner;reviewer;legal/privacy","Initial audit and material surface change","unknown","Website copy;forms;claims;privacy/security content","Website;vault","WF-016-S01[deterministic-automation] crawl/check links and claims;WF-016-S02[ai-assisted] classify gaps;WF-016-S03[human-only] prioritize boundaries;WF-016-S04[human-only] accept requirements","deterministic-automation;ai-assisted;human-only","Prioritized requirement backlog","unknown","unknown","unknown","Findings unimplemented;current state misread","Product/claims/privacy defects","D0-D1","Publication, legal, and security judgment","QA and evidence mapping","P0 before activation","Product/claims/security truth","P0/P1 defects by state and owner","high","MP-06","Requirements do not equal deployment","Public-surface audit or change"
"WF-017","Website/privacy implementation","W1 onward","5 Digital","WEB;CH","mixed","needs-owner","out-of-scope implementation","1","2","Website owner + legal/privacy","Avi","Website owner;legal/privacy;Michael;reviewer","Per approved change","unknown","Implementation ticket;copy;policy","CMS/repository;test environment","WF-017-S01[human-only] design implementation;WF-017-S02[deterministic-automation] validate links/forms/privacy;WF-017-S03[human-only] claims/privacy review;WF-017-S04[human-only] publish/deploy;WF-017-S05[deterministic-automation] verify production","human-only;deterministic-automation","Implemented and verified change","unknown","unknown","unknown","Wrong copy deployed;privacy blank;broken forms","Unnamed website/legal capacity","D0-D1","Deploy and publish","Test checklist","Per release","Named website owner;access;approved copy","Approved defects resolved and deploy latency","medium","MP-06","Outside Michael's implementation scope","Requirement approved"
"WF-018","Content/digital roadmap","W1-16","5 Digital","SRC;WEB;CH","inference","mapped","owned requirements/coordination","1","2","Michael","Avi + applicable reviewer","Michael;Avi;reviewer;legal/privacy;website owner;customer","Per approved source;planning cadence unknown","unknown","Content pillars;claims;attribution requirements","Vault;content calendar","WF-018-S01[ai-assisted] propose content options;WF-018-S02[deterministic-automation] check claims/permissions/UTM;WF-018-S03[human-only] prioritize;WF-018-S04[human-only] approve external production","ai-assisted;deterministic-automation;human-only","Versioned roadmap and briefs","unknown","unknown","unknown","Publishing outruns proof;vanity metrics","Approved proof and permissions","D0-D2;no D3","Channel and publication","Drafting and reuse","Claims and permission gate","Approved proof;website capacity","Approved assets and qualified inquiry path","medium","MP-06","Roadmap may proceed; publishing may not","Approved source or roadmap review"
"WF-019","Week-2 activation gate","W2","7+8 Governance and Live Sales","PLAN;SCORE","inference","blocked","owned coordination","1","1","Michael","Avi","Michael;Avi;product/data;reviewer;legal/privacy","Once W2; repeat after repair","unknown","WF-001-004 and WF-013 evidence","Scorecard;decision register","WF-019-S01[deterministic-automation] compile checklist;WF-019-S02[ai-assisted] summarize gaps;WF-019-S03[human-only] owners attest;WF-019-S04[human-only] Avi go/no-go;WF-019-S05[deterministic-automation] record conditions","deterministic-automation;ai-assisted;human-only","Activation decision","unknown","unknown","unknown","Checkbox gate without attestations","Upstream activation dependencies","D0-D2 metadata","Go/no-go","Completeness and expiry alerts","Week-2 gate","WF-001-004;WF-013","Gate pass/fail and unresolved conditions","high","MP-01","No partial activation inference","W2 reached or repaired resubmission"
"WF-020","First-cohort preparation","W3","6 Segmentation","PLAN","inference","blocked","owned","2","1","Michael","Michael","Michael;Avi","Per approved cohort","unknown","Account/contact/cohort criteria","CRM","WF-020-S01[deterministic-automation] filter permission/contactability;WF-020-S02[deterministic-automation] dedupe and assign cohort;WF-020-S03[ai-assisted] prepare briefs;WF-020-S04[human-only] approve membership","deterministic-automation;ai-assisted;human-only","Comparable first cohort","unknown","unknown","unknown","Mixed cohort;permission leakage;changing variables","Gate and list admission","D2","Inclusion and priority","Filtering and research","Cohort approval","WF-009;WF-010;WF-019","Cohort field completeness and comparability","medium","MP-02;MP-03","Volume unknown","Activation passed and list admitted"
"WF-021","Warm-introduction requests","W3-6","6+8 Segmentation and Live Sales","SRC;PLAN","internal-proposal","blocked","owned after gate","1","3","Michael + Avi","Avi for relationship;Michael for request","Michael;Avi;referrer","Per approved account","unknown","Relationship and attribution data","CRM;approved messaging","WF-021-S01[deterministic-automation] verify permission/ownership;WF-021-S02[ai-assisted] draft request;WF-021-S03[human-only] validate context;WF-021-S04[human-only] send;WF-021-S05[deterministic-automation] log outcome","deterministic-automation;ai-assisted;human-only","Logged introduction request","unknown","unknown","unknown","Referrer misuse;unclear attribution","Warm relationship capacity","D2","Relationship use and send","Drafts and logging","After activation","WF-019;WF-020;attribution terms","Intro acceptance and resulting meeting/submission","high","MP-02;MP-03","Human send only","Approved warm account/referrer"
"WF-022","Reviewed outreach","W3-12","8 Live Sales","SRC;PLAN;HAP","internal-proposal","blocked","owned after gate","1","3","Michael","Michael;Avi for new claim/version","Michael;Avi","Per approved account/message","unknown","Source-linked personalization","CRM;approved communication channel","WF-022-S01[deterministic-automation] enforce permission/version;WF-022-S02[ai-assisted] draft;WF-022-S03[human-only] verify facts;WF-022-S04[human-only] send;WF-022-S05[deterministic-automation] log outcome","deterministic-automation;ai-assisted;human-only","Reviewed touch/activity","unknown","unknown","unknown","Unauthorized send;false personalization;cohort mixing","Authority, lists, approved messages","D0-D2","Send and qualification","Drafting and routing","Activation and message gate","Claims;permission;no auto-send","Delivery and positive response by cohort/version","high","MP-02;MP-03","Source volume targets unsupported","Approved account/message/permission"
"WF-023","Discovery/qualification/follow-up","W4 onward","8 Live Sales","PLAN;FUN;KPI","inference","blocked","owned after gate","1","3","Michael","Michael/opportunity owner","Michael;prospect;product/data","Per response, meeting, or opportunity","unknown","Account brief;discovery fields;talk track","CRM;meeting system","WF-023-S01[ai-assisted] prepare brief;WF-023-S02[human-only] conduct discovery;WF-023-S03[ai-assisted] draft consented notes;WF-023-S04[deterministic-automation] flag missing fields;WF-023-S05[human-only] decide qualification/stage/follow-up","ai-assisted;human-only;deterministic-automation","Complete discovery and reviewed follow-up","unknown","unknown","unknown","Incomplete discovery;premature qualification;unsafe request","Secure path and product/data capacity","D2","Final qualification and stage","Prep, notes, required-field checks","After activation","Secure path;product/data capacity","Held/qualified rate and discovery completeness","high","MP-03","Qualification human-only","Response or scheduled meeting"
"WF-024","Partner interviews/referrals","W5 onward","6+8 Segmentation and Live Sales","PLAN;PART","inference","blocked","owned after gate","1","3","Michael","Avi/relationship owner","Michael;Avi;partner","Per admitted partner/referral","unknown","Partner brief;SLA;attribution;ownership","CRM","WF-024-S01[ai-assisted] prepare interview;WF-024-S02[human-only] conduct/assess;WF-024-S03[deterministic-automation] record fields/timer;WF-024-S04[human-only] accept/reject/rate;WF-024-S05[ai-assisted] draft permitted update","ai-assisted;human-only;deterministic-automation","Partner insight or referral record","unknown","unknown","unknown","Volume-only rating;PII leakage","Terms and partner access","D2","Rating, acceptance, external response","Alerts and drafts","Approved partner terms","Consent;account ownership","Accepted, qualified, submission, outcome by partner","medium","MP-05","Permitted updates only","Partner interview or referral event"
"WF-025","Data-request coordination","W5 onward","2+8 Value/Journey and Live Sales","FUN;SEC","policy","blocked","owned commercial coordination","1","3","Michael","Product/data + legal/privacy","Michael;prospect;product/data;legal/privacy","Per qualified opportunity","unknown","Checklist;authority;secure method;reviewer capacity","CRM;approved secure intake","WF-025-S01[deterministic-automation] verify prerequisites;WF-025-S02[ai-assisted] draft checklist;WF-025-S03[human-only] confirm authority;WF-025-S04[human-only] confirm capacity/path;WF-025-S05[human-only] send request","deterministic-automation;ai-assisted;human-only","Accepted request or blocked reason","unknown","unknown","unknown","Email attachments;no authority;capacity overload","Secure path and reviewer SLA","D2 metadata","Authority, method, and send","Checklist and reminders","Secure-intake gate","WF-004;WF-019;WF-023","Request acceptance and time to authority","high","MP-04","Michael coordinates; does not accept data","Qualified opportunity accepts data discussion"
"WF-026","Submission receipt/validation","W5 onward","3 Technology/CRM","FUN;SEC","policy","out-of-scope","out-of-scope","1","1","Product/data","Product/data","Product/data;product/security;customer data owner;Michael status-only","Per secure submission","unknown","Case ID;checklist;access logs","Secure case system;CRM metadata","WF-026-S01[deterministic-automation] scan/checksum/log/route;WF-026-S02[deterministic-automation] check field presence;WF-026-S03[human-only] inspect completeness/safety;WF-026-S04[human-only] accept/incomplete/reject;WF-026-S05[ai-assisted] draft missing-item request from human-approved list;WF-026-S06[deterministic-automation] update metadata/SLA","deterministic-automation;human-only;ai-assisted","Controlled validation status","unknown","unknown","unknown","Unsafe/duplicate/incomplete package accepted","Product/data processing capacity","D2 metadata + D3 case","Acceptance or rejection","Completeness and routing","Secure-data gate","Secure environment;product/data SLA","Valid rate;missing items;validation wait","high","MP-04","Raw files outside CRM and vault","Secure package received"
"WF-027","Analysis/value confirmation","W5 onward","2 Value/Journey","FUN;SEC;CH","policy","out-of-scope","out-of-scope","1","1","Product/data + domain reviewer","Approved methodology owner","Product/data;reviewer;case operator","Per valid submission","unknown","Approved case evidence and methodology","Secure case environment","WF-027-S01[deterministic-automation] assemble permitted facts;WF-027-S02[ai-assisted] extract/compare only after D3 approval;WF-027-S03[human-only] analyze;WF-027-S04[human-only] regulatory review;WF-027-S05[human-only] approve result/confidence","deterministic-automation;ai-assisted;human-only","Reviewed analysis/value state","unknown","unknown","unknown","Completeness mistaken for eligibility;unsupported estimate","Methodology and qualified reviewers","D3","Eligibility, value, and probability","Timeline and evidence assembly only","Methodology/data gate","Approved tools;case authority","Result time, confidence, and correction rate","medium","MP-04;MP-08","D3 AI use blocked","Valid submission accepted"
"WF-028","Proposal/pricing/contract","W5 onward","2+8 Value/Journey and Live Sales","FUN;CH;HAP","inference","out-of-scope","supporting only","1","3","Avi + legal/commercial","Avi","Avi;legal;Michael;prospect","Per value-confirmed opportunity","unknown","Approved economics;scope;authority","CRM;contract repository","WF-028-S01[ai-assisted] draft approved terms;WF-028-S02[deterministic-automation] check clauses/authority;WF-028-S03[human-only] price;WF-028-S04[human-only] negotiate;WF-028-S05[human-only] execute;WF-028-S06[deterministic-automation] record status","ai-assisted;deterministic-automation;human-only","Executed agreement or outcome reason","unknown","unknown","unknown","Unapproved fee;won before signature;authority gap","Pricing and contract truth","D2 + approved D3-derived result","Pricing and contract","Drafting and completeness checks","Commercial gate","WF-027;approved terms;signatories","Proposal outcome and contract cycle","medium","MP-03","Michael does not approve economics","Value confirmed"
"WF-029","Dispute/recovery outcome","Post-analysis","2 Value/Journey","Product note;CH","company-claim","out-of-scope","out-of-scope","1","1","Case/domain/legal owner","Authorized legal/commercial owner","Case operator;reviewer;customer;carrier","Per signed recovery engagement","unknown","Case evidence;deadlines;route authority","Secure case system","WF-029-S01[deterministic-automation] deadline/status controls;WF-029-S02[ai-assisted] cited draft support only if approved;WF-029-S03[human-only] case strategy;WF-029-S04[human-only] approve/file/send;WF-029-S05[human-only] reconcile outcome;WF-029-S06[deterministic-automation] retain/delete","deterministic-automation;ai-assisted;human-only","Case outcome and recovery record","unknown","unknown","unknown","Missed deadline;unauthorized filing;wrong route/value","Recovery route and operator evidence","D3","Judgment, filing, sending, valuation","Deadline controls and reconciliation","Case authority gate","Named operator/reviewer;approved route/security","Case cycle, outcome, and reconciliation","low","MP-04","Marketed workflow unverified","Recovery engagement executed"
"WF-030","CRM activity/stage/objection logging","W3-16","3 Technology/CRM","SRC;CRM;HAP","inference","blocked","owned","1","1","Michael","Michael/opportunity owner","Michael;CRM admin","Per event and hygiene cadence","unknown","Reviewed notes and outcomes","CRM","WF-030-S01[ai-assisted] draft structured update;WF-030-S02[deterministic-automation] validate fields/IDs;WF-030-S03[human-only] verify;WF-030-S04[human-only] approve stage/qualification;WF-030-S05[deterministic-automation] save audit trail","ai-assisted;deterministic-automation;human-only","Complete current CRM record","unknown","unknown","unknown","Incorrect stage;missing next action;stale record","CRM not operational","D2","Material record and stage changes","Hygiene alerts","CRM gate","WF-013;WF-019;approved D2 tool","Completeness, staleness, and corrections","high","MP-07","Material changes human-approved","Activity, objection, next step, or stage event"
"WF-031","Controlled cohort sprints","W7-12","6+8 Segmentation and Live Sales","SRC;PLAN","inference","blocked","owned","1","3","Michael","Avi for strategic continuation","Michael;Avi","Per sprint planned W7/W9/W11","unknown","Comparable cohort;message;channel","CRM;experiment register","WF-031-S01[human-only] define hypothesis/one variable;WF-031-S02[deterministic-automation] assign IDs;WF-031-S03[human-only] execute reviewed work;WF-031-S04[deterministic-automation] calculate results;WF-031-S05[ai-assisted] compare patterns;WF-031-S06[human-only] continue/change/stop","human-only;deterministic-automation;ai-assisted","Sprint evidence and decision","unknown","unknown","unknown","Multiple variables;unequal cohorts;small-sample certainty","Comparable activated cohorts","D2;D1 aggregate","Strategy and external acts","Cohort assignment and analysis","Sprint gate","Activated funnel;sample labels","Segmented funnel, cycle, and loss evidence","high","MP-03","Three planned sprints; volume unknown","Sprint approved"
"WF-032","Weekly funnel/KPI reporting","W3-16","3+7 Technology/CRM and Governance","SRC;KPI","inference","blocked","owned","1","1","Michael","Avi","Michael;Avi;product/data","Weekly and formal gates","unknown","Versioned CRM export and event dictionary","CRM;scorecard","WF-032-S01[deterministic-automation] validate/reconcile;WF-032-S02[deterministic-automation] calculate metrics/samples;WF-032-S03[ai-assisted] draft narrative;WF-032-S04[human-only] validate context;WF-032-S05[human-only] decide action","deterministic-automation;ai-assisted;human-only","Reconciled weekly scorecard","unknown","unknown","unknown","Cohort mixing;wrong denominator;unreconciled totals","Versioned complete CRM","D1-D2","Interpretation and action","Formulas and anomaly draft","Weekly/gates","CRM;metric definitions","Reconciliation and sample-size coverage","high","MP-03;MP-07","Descriptive evidence only","Weekly reporting date"
"WF-033","Week-6 retrospective/gate","W6","7 Governance","PLAN","inference","blocked","owned coordination","1","1","Michael","Avi","Michael;Avi;product/data;reviewer","Once W6","unknown","Comparable activities;objections;friction","Scorecard;decision register","WF-033-S01[deterministic-automation] compile evidence;WF-033-S02[ai-assisted] summarize patterns;WF-033-S03[human-only] assess quality;WF-033-S04[human-only] decide continue/change/stop;WF-033-S05[deterministic-automation] record","deterministic-automation;ai-assisted;human-only","Week-6 gate record","unknown","unknown","unknown","Anecdotal decision;friction unmeasured","No comparable W3-6 records","D1-D2 aggregate","Continue/change/stop","Evidence completeness","Week-6 gate","WF-021-032;comparability","Gate decision and evidence coverage","high","MP-01;MP-03","Explicit decision required","Warm sprint complete"
"WF-034","Approved content/case-study publication","W9 onward","4+5 Sales Assets and Digital","PLAN;WEB;HAP","policy","blocked","owned drafting/coordination","1","2","Michael","Avi + reviewer + customer/legal as applicable","Michael;Avi;reviewer;legal/privacy;customer;website owner","Per approved asset","unknown","Claim IDs;consent;approved learning","Vault;CMS","WF-034-S01[deterministic-automation] verify source/consent;WF-034-S02[ai-assisted] draft with label;WF-034-S03[human-only] edit/review;WF-034-S04[human-only] approve;WF-034-S05[human-only] publish;WF-034-S06[deterministic-automation] record asset/UTM","deterministic-automation;ai-assisted;human-only","Approved published asset or blocked draft","unknown","unknown","unknown","Unapproved proof;customer disclosure;false capability","Evidence, permission, and website capacity","D0-D2;no raw D3","Publishing and customer permission","Repurposing and QC","Publication gate","Proof;permission;product truth;website owner","Approval latency and qualified inquiries","high","MP-06","No autonomous publishing","Approved source, permission, and content need"
"WF-035","UTM/inbound attribution/triage","W2 onward","3+5 Technology/CRM and Digital","WEB;CRM;AI","inference","needs-owner","supporting/shared","1","2","Website/analytics owner + Michael","Legal/privacy;Michael for qualification","Michael;website owner;analytics;CRM admin","Per inbound event and periodic review","unknown","Submitted metadata;consent;UTM","Website analytics;CRM","WF-035-S01[deterministic-automation] validate consent/routing/dedupe;WF-035-S02[deterministic-automation] create CRM event;WF-035-S03[ai-assisted] draft acknowledgment/brief;WF-035-S04[human-only] qualify/respond;WF-035-S05[deterministic-automation] log source/stage","deterministic-automation;ai-assisted;human-only","Routed inquiry and attribution record","unknown","unknown","unknown","Lost attribution;false qualification;consent failure","Named website/analytics owner","D2","Qualification and response","Routing and drafts","Privacy/analytics gate","Named owners;approved form/privacy","Routing accuracy and source-to-submission path","medium","MP-06","Inbound response human-only","Approved inbound form/event"
"WF-036","Week-12 repeatability gate","W12","7 Governance","PLAN","inference","blocked","owned coordination","1","1","Michael","Avi","Michael;Avi;product/data;reviewer","Once W12","unknown","Cohort;pipeline;submission;cycle;loss data","CRM;scorecard","WF-036-S01[deterministic-automation] reconcile comparability;WF-036-S02[ai-assisted] summarize conflicts;WF-036-S03[human-only] judge repeatability;WF-036-S04[human-only] decide scale/learn/pivot;WF-036-S05[deterministic-automation] record","deterministic-automation;ai-assisted;human-only","Repeatability gate decision","unknown","unknown","unknown","Repeatable claim from weak samples","Trustworthy segmented evidence","D1-D2 aggregate","Promotion and strategy","Reconciliation and summary","Week-12 gate","WF-031;WF-032;trustworthy data","Gate outcome and cohort comparability","high","MP-01;MP-03","No promotion without evidence","W12 reached"
"WF-037","Playbook v1/archetype audit","W13","2+4 Value/Journey and Sales Assets","PLAN","inference","blocked","owned","1","1","Michael","Avi","Michael;Avi;reviewer","Initial W13 and version on new evidence","unknown","Assets;objections;cohorts;archetypes","Vault;CRM aggregates","WF-037-S01[ai-assisted] synthesize evidence-linked playbook;WF-037-S02[deterministic-automation] check source/coverage;WF-037-S03[human-only] separate support from hypothesis;WF-037-S04[human-only] approve bounded sections;WF-037-S05[deterministic-automation] publish internal version","ai-assisted;deterministic-automation;human-only","Playbook v1 and archetype map","unknown","unknown","unknown","Hypotheses written as proven","Insufficient cohort evidence","D1-D2 de-identified","Validation and external use","Drafting and evidence checks","Post-W12","Adequate cohort evidence","Sections mapped to evidence and version","medium","MP-03","Preserve conflicts and unknowns","W12 permits consolidation"
"WF-038","Bottleneck experiment","W14","2+3 Value/Journey and Technology/CRM","PLAN","inference","blocked","owned coordination","1","1","Michael + dependency owner","Avi","Michael;system/process owner","One approved experiment W14","unknown","Baseline;event definition;owner","Relevant system;experiment register","WF-038-S01[human-only] select variable and boundary;WF-038-S02[deterministic-automation] assign baseline/metrics;WF-038-S03[human-only] approve/run;WF-038-S04[deterministic-automation] compute before/after;WF-038-S05[ai-assisted] compare;WF-038-S06[human-only] decide","human-only;deterministic-automation;ai-assisted","Experiment result","unknown","unknown","unknown","No baseline;multiple changes;wait counted as labor","Baseline and dependency owner","D1-D2","Intervention and continuation","Assignment and measurement","Experiment gate","Baseline;owner;rollback","Predefined before/after metric","medium","MP-08","One variable; explicit rollback","Measured bottleneck selected"
"WF-039","Website/CRM quick win","W14","3+5 Technology/CRM and Digital","PLAN","inference","needs-owner","owned specification only","1","2","Michael specifies; implementer executes","Avi/change owner","Michael;website owner or CRM admin","One approved quick win W14","unknown","Requirement;baseline;access;rollback","CMS/CRM;test environment","WF-039-S01[ai-assisted] draft spec/tests;WF-039-S02[human-only] accept scope;WF-039-S03[human-only] implement;WF-039-S04[deterministic-automation] validate;WF-039-S05[human-only] deploy/approve;WF-039-S06[deterministic-automation] measure","ai-assisted;human-only;deterministic-automation","Verified quick win","unknown","unknown","unknown","Adjacent redesign;no owner;no before/after","Implementer and access","D0-D2","Deploy and material change","QA and measurement","Change gate","Named implementer;access;approved content","Test pass and intended KPI change","medium","MP-06;MP-07","Michael specifies, not engineering","Approved quick win"
"WF-040","First-hire/onboarding proposal","W15","4+7 Sales Assets and Governance","PLAN;CH","inference","mapped","supporting/advisory","1","2","Michael","Avi","Michael;Avi","Once W15 and evidence-led revision","unknown","Role demand;bottlenecks;playbook","Vault;capacity model","WF-040-S01[deterministic-automation] assemble workload gaps;WF-040-S02[ai-assisted] draft role options;WF-040-S03[human-only] test tradeoffs;WF-040-S04[human-only] decide hiring/funding;WF-040-S05[deterministic-automation] record plan","deterministic-automation;ai-assisted;human-only","First-hire/onboarding proposal","unknown","unknown","unknown","Hire profile based on assumed volume/funding","Capacity evidence","D1","Hiring and funding","Option drafting","Week-15 gate","Capacity measurements;funding decision","Supported and unknown assumptions","medium","MP-10","Hiring decision outside Michael's role","W15 capacity evidence available"
"WF-041","Week-16 scale/next-90 decision","W16","7 Governance","PLAN","inference","blocked","owned presentation;decision excluded","1","1","Michael","Avi","Michael;Avi;product/data;reviewer;legal/privacy","Once W16","unknown","Gate results;risks;resources;options","Report;decision register","WF-041-S01[deterministic-automation] reconcile evidence;WF-041-S02[ai-assisted] draft synthesis;WF-041-S03[human-only] present;WF-041-S04[human-only] decide next 90 days;WF-041-S05[deterministic-automation] record","deterministic-automation;ai-assisted;human-only","Founder scale/learn/pivot decision","unknown","unknown","unknown","Scale outruns P0s","Upstream evidence and resources","D1-D2 aggregate","Investment and resources","Reconciliation and executive draft","Week-16 gate","All upstream gates and owners","Decision with thesis and owners","high","MP-01;MP-10","Presenting is not approval","W16 evidence pack complete"
"WF-042","AI governance approval","All","7 Governance","AI;HAP","policy","blocked","supporting/design","1","1","Michael + workflow owner","Avi + relevant risk owners","Michael;Avi;reviewer;product/data;security;legal/privacy","Per opportunity, change, or incident","unknown","Data class;tool;permissions;owner;metrics;rollback","Policy register","WF-042-S01[deterministic-automation] require control fields;WF-042-S02[ai-assisted] draft risk assessment;WF-042-S03[human-only] specialist review;WF-042-S04[human-only] approve/reject;WF-042-S05[deterministic-automation] record scope/version/expiry","deterministic-automation;ai-assisted;human-only","Approved or rejected AI specification","unknown","unknown","unknown","Missing owner/tool/rollback;policy treated active","Policy and named risk owners","D0-D3 policy","Authority and security","Control completeness","AI policy gate","HAP approval;owners;tools","Complete approvals/control fields","high","MP-09","Stop on missing control","AI opportunity proposed or changed"
"WF-043","Bounded AI pilots","Conditional","3 Technology/CRM","AI;HAP","inference","blocked","conditional by workflow","1","1","Workflow owner","Approval-matrix owner","Operator;reviewer;security;legal/privacy","One approved pilot then decision","5-10 permitted records","Bounded spec;permitted records;tools;logs","Approved tool;pilot log store","WF-043-S01[human-only] approve pilot/records;WF-043-S02[deterministic-automation] verify controls;WF-043-S03[ai-assisted] execute bounded draft-only test using approved prompt/data;WF-043-S04[human-only] review every output;WF-043-S05[deterministic-automation] reconcile metrics;WF-043-S06[human-only] continue/change/stop","human-only;deterministic-automation;ai-assisted","Pilot evidence, logs, and decision","unknown","unknown","unknown","Agent exceeds tools/state;unsafe output;incident","Approved bounded specification and baseline","D0-D2;D3 disabled","Every output and expansion","Only inside explicit envelope","Pilot gate","Owner;approver;fallback;rollback;D3 disabled","Quality,time,corrections,false/missed,incidents","medium","MP-09","No bounded agent is currently approved","WF-042 approved with baseline"
"WF-044","Measurement/time/latency capture","All","3+7 Technology/CRM and Governance","KPI;goal contract","inference","mapped","owned governance/shared collection","1","1","Michael + system owners","Metric owner","Michael;product/data;website/analytics;CRM admin","Per sampled execution or event","unknown","Timestamp;actor;active/wait;exception context","Approved system;measurement ledger","WF-044-S01[human-only] define boundary;WF-044-S02[deterministic-automation] capture timestamps;WF-044-S03[human-only] record active work/wait/exception;WF-044-S04[deterministic-automation] validate samples;WF-044-S05[ai-assisted] summarize distributions;WF-044-S06[human-only] approve baseline","human-only;deterministic-automation;ai-assisted","Measurement dataset","unknown","unknown","unknown","Self-report bias;active/wait mixed","Instrumentation and event owners","D1-D2 metadata","Definitions and exclusions","Timestamps and formulas","Measurement approval","System/event owners;representative sample","Sample count, timestamp coverage, data quality","high","MP-08","At least five observations for high confidence","Workflow sampled or event occurs"
"WF-045","Capacity allocation/change control","All","7 Governance","CH;Risk register","inference","needs-owner","shared governance","1","1","Avi + Michael","Avi","Avi;Michael;dependency owners","Per new obligation, conflict, or gate","unknown","Available capacity;commitments;priorities;dependencies","Capacity ledger;decision register","WF-045-S01[deterministic-automation] expose allocation/dependencies;WF-045-S02[ai-assisted] draft tradeoffs;WF-045-S03[human-only] identify stop/defer;WF-045-S04[human-only] approve priority/resource change;WF-045-S05[deterministic-automation] record decision","deterministic-automation;ai-assisted;human-only","Updated capacity and deferral plan","unknown","unknown","unknown","Scope added without deferral;dependency wait blamed on Michael","Hours, priorities, and budget unset","D1","Priorities and resources","Tradeoff visibility","Capacity gate","Signed hours;dependency capacity","Allocation, deferred work, blocked wait","medium","MP-10","No capacity promise without signed hours","New responsibility or capacity conflict"
